{
  "$schema": "http://adaptivecards.io/schemas/adaptive-card.json",
  "type": "AdaptiveCard",
  "version": "1.0",
  "body": [
    {
      "type": "TextBlock",
      "text": "Update Surface firmware and windows 10",
      "weight": "Bolder",
      "size":  "Medium"
    },
    {
      "type": "TextBlock",
      "text": "Two types of updates keep your Surface performing its best: Surface updates for hardware, also known as firmware, and Windows 10 software updates. You can schedule the restart post upgrade by following the steps here.",
      "wrap": true
    }
  ],
  "actions": [
    {
      "type": "Action.OpenUrl",
      "title": "Go to website",
      "url": "https://support.microsoft.com/en-us/help/4023505"
    }
  ]
}